{"nm":"Composition 1","ddd":0,"h":1080,"w":1080,"meta":{"g":"LottieFiles AE 3.4.3"},"layers":[{"ty":4,"nm":"Calque de forme 10","sr":1,"st":0,"op":240.0000097754,"ip":0,"hd":false,"ddd":0,"bm":0,"hasMask":false,"ao":0,"ks":{"a":{"a":0,"k":[-392.75,-137.25,0],"ix":1},"s":{"a":0,"k":[214.775,214.775,100],"ix":6},"sk":{"a":0,"k":0},"p":{"a":1,"k":[{"o":{"x":0.333,"y":0},"i":{"x":0.667,"y":1},"s":[759.75,536.25,0],"t":0,"ti":[0,0,0],"to":[-22.167,0,0]},{"o":{"x":0.333,"y":0},"i":{"x":0.667,"y":1},"s":[626.75,536.25,0],"t":120,"ti":[-22.167,0,0],"to":[0,0,0]},{"s":[759.75,536.25,0],"t":239.00000973467}],"ix":2},"r":{"a":0,"k":0,"ix":10},"sa":{"a":0,"k":0},"o":{"a":0,"k":100,"ix":11}},"ef":[],"shapes":[{"ty":"gr","bm":0,"hd":false,"mn":"ADBE Vector Group","nm":"Ellipse 1","ix":1,"cix":2,"np":3,"it":[{"ty":"el","bm":0,"hd":false,"mn":"ADBE Vector Shape - Ellipse","nm":"TracÃ© d'ellipse 1","d":1,"p":{"a":0,"k":[0,0],"ix":3},"s":{"a":0,"k":[247.5,247.5],"ix":2}},{"ty":"gf","bm":0,"hd":false,"mn":"ADBE Vector Graphic - G-Fill","nm":"Fond en dÃ©gradÃ© 1","e":{"a":0,"k":[-90.357,95.178],"ix":6},"g":{"p":3,"k":{"a":0,"k":[0,1,1,1,0.5,1,1,1,1,1,1,1],"ix":9}},"t":1,"a":{"a":0,"k":0},"h":{"a":0,"k":0},"s":{"a":0,"k":[86.718,-86.718],"ix":5},"r":1,"o":{"a":0,"k":100,"ix":10}},{"ty":"tr","a":{"a":0,"k":[0,0],"ix":1},"s":{"a":0,"k":[94.559,94.559],"ix":3},"sk":{"a":0,"k":0,"ix":4},"p":{"a":0,"k":[-392.75,-137.25],"ix":2},"r":{"a":0,"k":-45,"ix":6},"sa":{"a":0,"k":0,"ix":5},"o":{"a":0,"k":100,"ix":7}}]}],"ind":1},{"ty":4,"nm":"Calque de forme 11","sr":1,"st":0,"op":240.0000097754,"ip":0,"hd":false,"ddd":0,"bm":0,"hasMask":false,"ao":0,"ks":{"a":{"a":0,"k":[-392.75,-137.25,0],"ix":1},"s":{"a":0,"k":[239.557,239.557,100],"ix":6},"sk":{"a":0,"k":0},"p":{"a":1,"k":[{"o":{"x":0.333,"y":0},"i":{"x":0.667,"y":1},"s":[435.75,360.25,0],"t":0,"ti":[0,0,0],"to":[0,0,0]},{"o":{"x":0.333,"y":0},"i":{"x":0.667,"y":1},"s":[347.75,360.25,0],"t":120,"ti":[0,0,0],"to":[0,0,0]},{"s":[435.75,360.25,0],"t":239.00000973467}],"ix":2},"r":{"a":0,"k":0,"ix":10},"sa":{"a":0,"k":0},"o":{"a":0,"k":100,"ix":11}},"ef":[],"shapes":[{"ty":"gr","bm":0,"hd":false,"mn":"ADBE Vector Group","nm":"Ellipse 1","ix":1,"cix":2,"np":3,"it":[{"ty":"el","bm":0,"hd":false,"mn":"ADBE Vector Shape - Ellipse","nm":"TracÃ© d'ellipse 1","d":1,"p":{"a":0,"k":[0,0],"ix":3},"s":{"a":0,"k":[247.5,247.5],"ix":2}},{"ty":"gf","bm":0,"hd":false,"mn":"ADBE Vector Graphic - G-Fill","nm":"Fond en dÃ©gradÃ© 1","e":{"a":0,"k":[-90.357,95.178],"ix":6},"g":{"p":3,"k":{"a":0,"k":[0,1,1,1,0.5,1,1,1,1,1,1,1],"ix":9}},"t":1,"a":{"a":0,"k":0},"h":{"a":0,"k":0},"s":{"a":0,"k":[86.718,-86.718],"ix":5},"r":1,"o":{"a":0,"k":100,"ix":10}},{"ty":"tr","a":{"a":0,"k":[0,0],"ix":1},"s":{"a":0,"k":[94.559,94.559],"ix":3},"sk":{"a":0,"k":0,"ix":4},"p":{"a":0,"k":[-392.75,-137.25],"ix":2},"r":{"a":0,"k":0,"ix":6},"sa":{"a":0,"k":0,"ix":5},"o":{"a":0,"k":100,"ix":7}}]}],"ind":2},{"ty":4,"nm":"Calque de forme 9","sr":1,"st":0,"op":240.0000097754,"ip":0,"hd":false,"ddd":0,"bm":0,"hasMask":false,"ao":0,"ks":{"a":{"a":0,"k":[-392.75,-137.25,0],"ix":1},"s":{"a":0,"k":[38.732,38.732,100],"ix":6},"sk":{"a":0,"k":0},"p":{"a":1,"k":[{"o":{"x":0.333,"y":0},"i":{"x":0.667,"y":1},"s":[154.25,955.75,0],"t":0,"ti":[0,0,0],"to":[0,0,0]},{"o":{"x":0.333,"y":0},"i":{"x":0.667,"y":1},"s":[154.25,862.75,0],"t":60,"ti":[0,0,0],"to":[0,0,0]},{"o":{"x":0.333,"y":0},"i":{"x":0.667,"y":1},"s":[116.25,955.75,0],"t":120,"ti":[0,0,0],"to":[0,0,0]},{"o":{"x":0.333,"y":0},"i":{"x":0.667,"y":1},"s":[154.25,862.75,0],"t":180,"ti":[0,0,0],"to":[0,0,0]},{"s":[154.25,955.75,0],"t":239.00000973467}],"ix":2},"r":{"a":0,"k":0,"ix":10},"sa":{"a":0,"k":0},"o":{"a":0,"k":100,"ix":11}},"ef":[],"shapes":[{"ty":"gr","bm":0,"hd":false,"mn":"ADBE Vector Group","nm":"Ellipse 1","ix":1,"cix":2,"np":3,"it":[{"ty":"el","bm":0,"hd":false,"mn":"ADBE Vector Shape - Ellipse","nm":"TracÃ© d'ellipse 1","d":1,"p":{"a":0,"k":[0,0],"ix":3},"s":{"a":0,"k":[247.5,247.5],"ix":2}},{"ty":"gf","bm":0,"hd":false,"mn":"ADBE Vector Graphic - G-Fill","nm":"Fond en dÃ©gradÃ© 1","e":{"a":0,"k":[-90.357,95.178],"ix":6},"g":{"p":3,"k":{"a":0,"k":[0,1,1,1,0.5,1,1,1,1,1,1,1],"ix":9}},"t":1,"a":{"a":0,"k":0},"h":{"a":0,"k":0},"s":{"a":0,"k":[114.209,-117.073],"ix":5},"r":1,"o":{"a":0,"k":100,"ix":10}},{"ty":"tr","a":{"a":0,"k":[0,0],"ix":1},"s":{"a":0,"k":[94.559,94.559],"ix":3},"sk":{"a":0,"k":0,"ix":4},"p":{"a":0,"k":[-392.75,-137.25],"ix":2},"r":{"a":0,"k":-90,"ix":6},"sa":{"a":0,"k":0,"ix":5},"o":{"a":0,"k":100,"ix":7}}]}],"ind":3},{"ty":4,"nm":"Calque de forme 3","sr":1,"st":0,"op":240.0000097754,"ip":0,"hd":false,"ddd":0,"bm":0,"hasMask":false,"ao":0,"ks":{"a":{"a":0,"k":[-392.75,-137.25,0],"ix":1},"s":{"a":0,"k":[148.972,148.972,100],"ix":6},"sk":{"a":0,"k":0},"p":{"a":1,"k":[{"o":{"x":0.333,"y":0},"i":{"x":0.667,"y":1},"s":[633.75,286.75,0],"t":0,"ti":[0,0,0],"to":[6,0,0]},{"o":{"x":0.333,"y":0},"i":{"x":0.667,"y":1},"s":[669.75,286.75,0],"t":120,"ti":[6,0,0],"to":[0,0,0]},{"s":[633.75,286.75,0],"t":239.00000973467}],"ix":2},"r":{"a":0,"k":287.128,"ix":10},"sa":{"a":0,"k":0},"o":{"a":0,"k":100,"ix":11}},"ef":[],"shapes":[{"ty":"gr","bm":0,"hd":false,"mn":"ADBE Vector Group","nm":"Ellipse 1","ix":1,"cix":2,"np":3,"it":[{"ty":"el","bm":0,"hd":false,"mn":"ADBE Vector Shape - Ellipse","nm":"TracÃ© d'ellipse 1","d":1,"p":{"a":0,"k":[0,0],"ix":3},"s":{"a":0,"k":[247.5,247.5],"ix":2}},{"ty":"gf","bm":0,"hd":false,"mn":"ADBE Vector Graphic - G-Fill","nm":"Fond en dÃ©gradÃ© 1","e":{"a":0,"k":[-90.357,95.178],"ix":6},"g":{"p":3,"k":{"a":0,"k":[0,1,1,1,0.5,1,1,1,1,1,1,1],"ix":9}},"t":1,"a":{"a":0,"k":0},"h":{"a":0,"k":0},"s":{"a":0,"k":[86.718,-86.718],"ix":5},"r":1,"o":{"a":0,"k":100,"ix":10}},{"ty":"tr","a":{"a":0,"k":[0,0],"ix":1},"s":{"a":0,"k":[94.559,94.559],"ix":3},"sk":{"a":0,"k":0,"ix":4},"p":{"a":0,"k":[-392.75,-137.25],"ix":2},"r":{"a":0,"k":0,"ix":6},"sa":{"a":0,"k":0,"ix":5},"o":{"a":0,"k":100,"ix":7}}]}],"ind":4},{"ty":4,"nm":"Calque de forme 4","sr":1,"st":0,"op":240.0000097754,"ip":0,"hd":false,"ddd":0,"bm":0,"hasMask":false,"ao":0,"ks":{"a":{"a":0,"k":[-392.75,-137.25,0],"ix":1},"s":{"a":0,"k":[156.663,156.663,100],"ix":6},"sk":{"a":0,"k":0},"p":{"a":1,"k":[{"o":{"x":0.333,"y":0},"i":{"x":0.667,"y":1},"s":[849.25,439.25,0],"t":0,"ti":[0,0,0],"to":[0,0,0]},{"o":{"x":0.333,"y":0},"i":{"x":0.667,"y":1},"s":[870.25,439.25,0],"t":120,"ti":[0,0,0],"to":[0,0,0]},{"s":[849.25,439.25,0],"t":239.00000973467}],"ix":2},"r":{"a":0,"k":0,"ix":10},"sa":{"a":0,"k":0},"o":{"a":0,"k":100,"ix":11}},"ef":[],"shapes":[{"ty":"gr","bm":0,"hd":false,"mn":"ADBE Vector Group","nm":"Ellipse 1","ix":1,"cix":2,"np":3,"it":[{"ty":"el","bm":0,"hd":false,"mn":"ADBE Vector Shape - Ellipse","nm":"TracÃ© d'ellipse 1","d":1,"p":{"a":0,"k":[0,0],"ix":3},"s":{"a":0,"k":[247.5,247.5],"ix":2}},{"ty":"gf","bm":0,"hd":false,"mn":"ADBE Vector Graphic - G-Fill","nm":"Fond en dÃ©gradÃ© 1","e":{"a":0,"k":[-90.357,95.178],"ix":6},"g":{"p":3,"k":{"a":0,"k":[0,1,1,1,0.5,1,1,1,1,1,1,1],"ix":9}},"t":1,"a":{"a":0,"k":0},"h":{"a":0,"k":0},"s":{"a":0,"k":[86.718,-86.718],"ix":5},"r":1,"o":{"a":0,"k":100,"ix":10}},{"ty":"tr","a":{"a":0,"k":[0,0],"ix":1},"s":{"a":0,"k":[94.559,94.559],"ix":3},"sk":{"a":0,"k":0,"ix":4},"p":{"a":0,"k":[-392.75,-137.25],"ix":2},"r":{"a":0,"k":-57.583,"ix":6},"sa":{"a":0,"k":0,"ix":5},"o":{"a":0,"k":100,"ix":7}}]}],"ind":5},{"ty":4,"nm":"Calque de forme 2","sr":1,"st":0,"op":240.0000097754,"ip":0,"hd":false,"ddd":0,"bm":0,"hasMask":false,"ao":0,"ks":{"a":{"a":0,"k":[-392.75,-137.25,0],"ix":1},"s":{"a":0,"k":[92.57,92.57,100],"ix":6},"sk":{"a":0,"k":0},"p":{"a":1,"k":[{"o":{"x":0.333,"y":0},"i":{"x":0.667,"y":1},"s":[863.75,282.75,0],"t":0,"ti":[0,0,0],"to":[17.167,0,0]},{"o":{"x":0.333,"y":0},"i":{"x":0.667,"y":1},"s":[966.75,282.75,0],"t":120,"ti":[17.167,0,0],"to":[0,0,0]},{"s":[863.75,282.75,0],"t":239.00000973467}],"ix":2},"r":{"a":0,"k":-68.974,"ix":10},"sa":{"a":0,"k":0},"o":{"a":0,"k":100,"ix":11}},"ef":[],"shapes":[{"ty":"gr","bm":0,"hd":false,"mn":"ADBE Vector Group","nm":"Ellipse 1","ix":1,"cix":2,"np":3,"it":[{"ty":"el","bm":0,"hd":false,"mn":"ADBE Vector Shape - Ellipse","nm":"TracÃ© d'ellipse 1","d":1,"p":{"a":0,"k":[0,0],"ix":3},"s":{"a":0,"k":[247.5,247.5],"ix":2}},{"ty":"gf","bm":0,"hd":false,"mn":"ADBE Vector Graphic - G-Fill","nm":"Fond en dÃ©gradÃ© 1","e":{"a":0,"k":[-90.357,95.178],"ix":6},"g":{"p":3,"k":{"a":0,"k":[0,1,1,1,0.5,1,1,1,1,1,1,1],"ix":9}},"t":1,"a":{"a":0,"k":0},"h":{"a":0,"k":0},"s":{"a":0,"k":[100.396,-106.636],"ix":5},"r":1,"o":{"a":0,"k":100,"ix":10}},{"ty":"tr","a":{"a":0,"k":[0,0],"ix":1},"s":{"a":0,"k":[94.559,94.559],"ix":3},"sk":{"a":0,"k":0,"ix":4},"p":{"a":0,"k":[-392.75,-137.25],"ix":2},"r":{"a":0,"k":0,"ix":6},"sa":{"a":0,"k":0,"ix":5},"o":{"a":0,"k":100,"ix":7}}]}],"ind":6},{"ty":4,"nm":"Calque de forme 8","sr":1,"st":0,"op":240.0000097754,"ip":0,"hd":false,"ddd":0,"bm":0,"hasMask":false,"ao":0,"ks":{"a":{"a":0,"k":[-392.75,-137.25,0],"ix":1},"s":{"a":0,"k":[56.678,56.678,100],"ix":6},"sk":{"a":0,"k":0},"p":{"a":1,"k":[{"o":{"x":0.333,"y":0},"i":{"x":0.667,"y":1},"s":[347.25,913.75,0],"t":0,"ti":[6.333,0,0],"to":[0,-5,0]},{"o":{"x":0.333,"y":0},"i":{"x":0.667,"y":1},"s":[347.25,883.75,0],"t":60,"ti":[0,0,0],"to":[-6.333,0,0]},{"o":{"x":0.333,"y":0},"i":{"x":0.667,"y":1},"s":[309.25,913.75,0],"t":120,"ti":[-6.333,0,0],"to":[0,0,0]},{"o":{"x":0.333,"y":0},"i":{"x":0.667,"y":1},"s":[347.25,883.75,0],"t":180,"ti":[0,-5,0],"to":[6.333,0,0]},{"s":[347.25,913.75,0],"t":239.00000973467}],"ix":2},"r":{"a":0,"k":0,"ix":10},"sa":{"a":0,"k":0},"o":{"a":0,"k":100,"ix":11}},"ef":[],"shapes":[{"ty":"gr","bm":0,"hd":false,"mn":"ADBE Vector Group","nm":"Ellipse 1","ix":1,"cix":2,"np":3,"it":[{"ty":"el","bm":0,"hd":false,"mn":"ADBE Vector Shape - Ellipse","nm":"TracÃ© d'ellipse 1","d":1,"p":{"a":0,"k":[0,0],"ix":3},"s":{"a":0,"k":[247.5,247.5],"ix":2}},{"ty":"gf","bm":0,"hd":false,"mn":"ADBE Vector Graphic - G-Fill","nm":"Fond en dÃ©gradÃ© 1","e":{"a":0,"k":[-90.357,95.178],"ix":6},"g":{"p":3,"k":{"a":0,"k":[0,1,1,1,0.5,1,1,1,1,1,1,1],"ix":9}},"t":1,"a":{"a":0,"k":0},"h":{"a":0,"k":0},"s":{"a":0,"k":[109.699,-127.392],"ix":5},"r":1,"o":{"a":0,"k":100,"ix":10}},{"ty":"tr","a":{"a":0,"k":[0,0],"ix":1},"s":{"a":0,"k":[94.559,94.559],"ix":3},"sk":{"a":0,"k":0,"ix":4},"p":{"a":0,"k":[-392.75,-137.25],"ix":2},"r":{"a":0,"k":-77.329,"ix":6},"sa":{"a":0,"k":0,"ix":5},"o":{"a":0,"k":100,"ix":7}}]}],"ind":7},{"ty":4,"nm":"Calque de forme 6","sr":1,"st":0,"op":240.0000097754,"ip":0,"hd":false,"ddd":0,"bm":0,"hasMask":false,"ao":0,"ks":{"a":{"a":0,"k":[-392.75,-137.25,0],"ix":1},"s":{"a":0,"k":[158.373,158.373,100],"ix":6},"sk":{"a":0,"k":0},"p":{"a":1,"k":[{"o":{"x":0.333,"y":0},"i":{"x":0.667,"y":1},"s":[465.75,550.25,0],"t":0,"ti":[0,0,0],"to":[-15.667,0,0]},{"o":{"x":0.333,"y":0},"i":{"x":0.667,"y":1},"s":[371.75,550.25,0],"t":120,"ti":[-15.667,0,0],"to":[0,0,0]},{"s":[465.75,550.25,0],"t":239.00000973467}],"ix":2},"r":{"a":0,"k":0,"ix":10},"sa":{"a":0,"k":0},"o":{"a":0,"k":100,"ix":11}},"ef":[],"shapes":[{"ty":"gr","bm":0,"hd":false,"mn":"ADBE Vector Group","nm":"Ellipse 1","ix":1,"cix":2,"np":3,"it":[{"ty":"el","bm":0,"hd":false,"mn":"ADBE Vector Shape - Ellipse","nm":"TracÃ© d'ellipse 1","d":1,"p":{"a":0,"k":[0,0],"ix":3},"s":{"a":0,"k":[247.5,247.5],"ix":2}},{"ty":"gf","bm":0,"hd":false,"mn":"ADBE Vector Graphic - G-Fill","nm":"Fond en dÃ©gradÃ© 1","e":{"a":0,"k":[-90.357,95.178],"ix":6},"g":{"p":3,"k":{"a":0,"k":[0,1,1,1,0.5,1,1,1,1,1,1,1],"ix":9}},"t":1,"a":{"a":0,"k":0},"h":{"a":0,"k":0},"s":{"a":0,"k":[86.718,-86.718],"ix":5},"r":1,"o":{"a":0,"k":100,"ix":10}},{"ty":"tr","a":{"a":0,"k":[0,0],"ix":1},"s":{"a":0,"k":[94.559,94.559],"ix":3},"sk":{"a":0,"k":0,"ix":4},"p":{"a":0,"k":[-392.75,-137.25],"ix":2},"r":{"a":0,"k":-34.627,"ix":6},"sa":{"a":0,"k":0,"ix":5},"o":{"a":0,"k":100,"ix":7}}]}],"ind":8},{"ty":4,"nm":"Calque de forme 7","sr":1,"st":0,"op":240.0000097754,"ip":0,"hd":false,"ddd":0,"bm":0,"hasMask":false,"ao":0,"ks":{"a":{"a":0,"k":[-392.75,-137.25,0],"ix":1},"s":{"a":0,"k":[85.734,85.734,100],"ix":6},"sk":{"a":0,"k":0},"p":{"a":1,"k":[{"o":{"x":0.333,"y":0},"i":{"x":0.667,"y":1},"s":[537.25,775.75,0],"t":0,"ti":[6.333,0,0],"to":[0,-3.833,0]},{"o":{"x":0.333,"y":0},"i":{"x":0.667,"y":1},"s":[537.25,752.75,0],"t":60,"ti":[0,0,0],"to":[-6.333,0,0]},{"o":{"x":0.333,"y":0},"i":{"x":0.667,"y":1},"s":[499.25,775.75,0],"t":120,"ti":[-6.333,0,0],"to":[0,0,0]},{"o":{"x":0.333,"y":0},"i":{"x":0.667,"y":1},"s":[537.25,752.75,0],"t":180,"ti":[0,-3.833,0],"to":[6.333,0,0]},{"s":[537.25,775.75,0],"t":239.00000973467}],"ix":2},"r":{"a":0,"k":0,"ix":10},"sa":{"a":0,"k":0},"o":{"a":0,"k":100,"ix":11}},"ef":[],"shapes":[{"ty":"gr","bm":0,"hd":false,"mn":"ADBE Vector Group","nm":"Ellipse 1","ix":1,"cix":2,"np":3,"it":[{"ty":"el","bm":0,"hd":false,"mn":"ADBE Vector Shape - Ellipse","nm":"TracÃ© d'ellipse 1","d":1,"p":{"a":0,"k":[0,0],"ix":3},"s":{"a":0,"k":[247.5,247.5],"ix":2}},{"ty":"gf","bm":0,"hd":false,"mn":"ADBE Vector Graphic - G-Fill","nm":"Fond en dÃ©gradÃ© 1","e":{"a":0,"k":[-38.532,39.488],"ix":6},"g":{"p":3,"k":{"a":0,"k":[0,1,1,1,0.5,1,1,1,1,1,1,1],"ix":9}},"t":1,"a":{"a":0,"k":0},"h":{"a":0,"k":0},"s":{"a":0,"k":[118.595,-119.133],"ix":5},"r":1,"o":{"a":0,"k":100,"ix":10}},{"ty":"tr","a":{"a":0,"k":[0,0],"ix":1},"s":{"a":0,"k":[94.559,94.559],"ix":3},"sk":{"a":0,"k":0,"ix":4},"p":{"a":0,"k":[-392.75,-137.25],"ix":2},"r":{"a":0,"k":-221.658,"ix":6},"sa":{"a":0,"k":0,"ix":5},"o":{"a":0,"k":100,"ix":7}}]}],"ind":9},{"ty":4,"nm":"Calque de forme 5","sr":1,"st":0,"op":240.0000097754,"ip":0,"hd":false,"ddd":0,"bm":0,"hasMask":false,"ao":0,"ks":{"a":{"a":0,"k":[-392.75,-137.25,0],"ix":1},"s":{"a":0,"k":[137.863,137.863,100],"ix":6},"sk":{"a":0,"k":0},"p":{"a":1,"k":[{"o":{"x":0.333,"y":0},"i":{"x":0.667,"y":1},"s":[288.75,507.75,0],"t":0,"ti":[6.333,0,0],"to":[-7.667,0,0]},{"o":{"x":0.333,"y":0},"i":{"x":0.667,"y":1},"s":[242.75,507.75,0],"t":60,"ti":[0,0,0],"to":[-6.333,0,0]},{"o":{"x":0.333,"y":0},"i":{"x":0.667,"y":1},"s":[250.75,507.75,0],"t":120,"ti":[-6.333,0,0],"to":[0,0,0]},{"o":{"x":0.333,"y":0},"i":{"x":0.667,"y":1},"s":[242.75,507.75,0],"t":180,"ti":[-7.667,0,0],"to":[6.333,0,0]},{"s":[288.75,507.75,0],"t":239.00000973467}],"ix":2},"r":{"a":0,"k":0,"ix":10},"sa":{"a":0,"k":0},"o":{"a":0,"k":100,"ix":11}},"ef":[],"shapes":[{"ty":"gr","bm":0,"hd":false,"mn":"ADBE Vector Group","nm":"Ellipse 1","ix":1,"cix":2,"np":3,"it":[{"ty":"el","bm":0,"hd":false,"mn":"ADBE Vector Shape - Ellipse","nm":"TracÃ© d'ellipse 1","d":1,"p":{"a":0,"k":[0,0],"ix":3},"s":{"a":0,"k":[247.5,247.5],"ix":2}},{"ty":"gf","bm":0,"hd":false,"mn":"ADBE Vector Graphic - G-Fill","nm":"Fond en dÃ©gradÃ© 1","e":{"a":0,"k":[-90.357,95.178],"ix":6},"g":{"p":3,"k":{"a":0,"k":[0,1,1,1,0.5,1,1,1,1,1,1,1],"ix":9}},"t":1,"a":{"a":0,"k":0},"h":{"a":0,"k":0},"s":{"a":0,"k":[86.718,-86.718],"ix":5},"r":1,"o":{"a":0,"k":100,"ix":10}},{"ty":"tr","a":{"a":0,"k":[0,0],"ix":1},"s":{"a":0,"k":[94.559,94.559],"ix":3},"sk":{"a":0,"k":0,"ix":4},"p":{"a":0,"k":[-392.75,-137.25],"ix":2},"r":{"a":0,"k":-24.348,"ix":6},"sa":{"a":0,"k":0,"ix":5},"o":{"a":0,"k":100,"ix":7}}]}],"ind":10},{"ty":4,"nm":"Calque de forme 1","sr":1,"st":0,"op":240.0000097754,"ip":0,"hd":false,"ddd":0,"bm":0,"hasMask":false,"ao":0,"ks":{"a":{"a":0,"k":[-392.75,-137.25,0],"ix":1},"s":{"a":0,"k":[92.57,92.57,100],"ix":6},"sk":{"a":0,"k":0},"p":{"a":1,"k":[{"o":{"x":0.333,"y":0},"i":{"x":0.667,"y":1},"s":[147.25,402.75,0],"t":0,"ti":[0,0,0],"to":[0,0,0]},{"o":{"x":0.333,"y":0},"i":{"x":0.667,"y":1},"s":[227.25,402.75,0],"t":120,"ti":[0,0,0],"to":[0,0,0]},{"s":[147.25,402.75,0],"t":239.00000973467}],"ix":2},"r":{"a":0,"k":0,"ix":10},"sa":{"a":0,"k":0},"o":{"a":0,"k":100,"ix":11}},"ef":[],"shapes":[{"ty":"gr","bm":0,"hd":false,"mn":"ADBE Vector Group","nm":"Ellipse 1","ix":1,"cix":2,"np":3,"it":[{"ty":"el","bm":0,"hd":false,"mn":"ADBE Vector Shape - Ellipse","nm":"TracÃ© d'ellipse 1","d":1,"p":{"a":0,"k":[0,0],"ix":3},"s":{"a":0,"k":[247.5,247.5],"ix":2}},{"ty":"gf","bm":0,"hd":false,"mn":"ADBE Vector Graphic - G-Fill","nm":"Fond en dÃ©gradÃ© 1","e":{"a":0,"k":[-90.357,95.178],"ix":6},"g":{"p":3,"k":{"a":0,"k":[0,1,1,1,0.5,1,1,1,1,1,1,1],"ix":9}},"t":1,"a":{"a":0,"k":0},"h":{"a":0,"k":0},"s":{"a":0,"k":[86.718,-86.718],"ix":5},"r":1,"o":{"a":0,"k":100,"ix":10}},{"ty":"tr","a":{"a":0,"k":[0,0],"ix":1},"s":{"a":0,"k":[94.559,94.559],"ix":3},"sk":{"a":0,"k":0,"ix":4},"p":{"a":0,"k":[-392.75,-137.25],"ix":2},"r":{"a":0,"k":-22.468,"ix":6},"sa":{"a":0,"k":0,"ix":5},"o":{"a":0,"k":100,"ix":7}}]}],"ind":11}],"v":"4.8.0","fr":59.9400024414062,"op":240.0000097754,"ip":0,"assets":[]}