{"nm":"Untitled file","ddd":0,"h":1000,"w":1000,"meta":{"g":"@lottiefiles/creator 1.6.0"},"layers":[{"ty":4,"nm":"Ellipse 1","sr":1,"st":0,"op":120,"ip":0,"hd":false,"ddd":0,"bm":0,"hasMask":false,"ao":0,"ks":{"a":{"a":0,"k":[0,0]},"s":{"a":0,"k":[245.45397887170552,245.45397887170552]},"sk":{"a":0,"k":0},"p":{"a":0,"k":[669,164]},"r":{"a":0,"k":0},"sa":{"a":0,"k":0},"o":{"a":0,"k":100}},"shapes":[{"ty":"gr","bm":0,"hd":false,"nm":"Group","it":[{"ty":"el","bm":0,"hd":false,"nm":"Ellipse Path 4","d":1,"p":{"a":0,"k":[0,0]},"s":{"a":0,"k":[100,100]}},{"ty":"fl","bm":0,"hd":false,"nm":"Fill","c":{"a":0,"k":[1,1,1]},"r":2,"o":{"a":0,"k":100}},{"ty":"tr","a":{"a":0,"k":[0,0]},"s":{"a":0,"k":[100,100]},"sk":{"a":0,"k":0},"p":{"a":0,"k":[0,0]},"r":{"a":0,"k":0},"sa":{"a":0,"k":0},"o":{"a":1,"k":[{"o":{"x":0.167,"y":0.167},"i":{"x":0.833,"y":0.833},"s":[90],"t":0},{"o":{"x":0.167,"y":0.167},"i":{"x":0.833,"y":0.833},"s":[100],"t":6},{"o":{"x":0.167,"y":0.167},"i":{"x":0.833,"y":0.833},"s":[100],"t":12},{"o":{"x":0.167,"y":0.167},"i":{"x":0.833,"y":0.833},"s":[50],"t":80},{"o":{"x":0.167,"y":0.167},"i":{"x":0.833,"y":0.833},"s":[90],"t":89},{"s":[40],"t":119}]}}]}],"ind":1},{"ty":4,"nm":"Ellipse 2","sr":1,"st":0,"op":120,"ip":0,"hd":false,"ddd":0,"bm":0,"hasMask":false,"ao":0,"ks":{"a":{"a":0,"k":[0,0]},"s":{"a":0,"k":[245.45397887170552,245.45397887170552]},"sk":{"a":0,"k":0},"p":{"a":0,"k":[866,416]},"r":{"a":0,"k":0},"sa":{"a":0,"k":0},"o":{"a":1,"k":[{"o":{"x":0.167,"y":0.167},"i":{"x":0.833,"y":0.833},"s":[52],"t":0},{"o":{"x":0.167,"y":0.167},"i":{"x":0.833,"y":0.833},"s":[100],"t":18},{"o":{"x":0.167,"y":0.167},"i":{"x":0.833,"y":0.833},"s":[100],"t":24},{"s":[30],"t":119}]}},"shapes":[{"ty":"gr","bm":0,"hd":false,"nm":"Group","it":[{"ty":"el","bm":0,"hd":false,"nm":"Ellipse Path 4","d":1,"p":{"a":0,"k":[0,0]},"s":{"a":0,"k":[100,100]}},{"ty":"fl","bm":0,"hd":false,"nm":"Fill","c":{"a":0,"k":[1,1,1]},"r":2,"o":{"a":0,"k":100}},{"ty":"tr","a":{"a":0,"k":[0,0]},"s":{"a":0,"k":[100,100]},"sk":{"a":0,"k":0},"p":{"a":0,"k":[0,0]},"r":{"a":0,"k":0},"sa":{"a":0,"k":0},"o":{"a":0,"k":100}}]}],"ind":2},{"ty":4,"nm":"Ellipse 3","sr":1,"st":0,"op":120,"ip":0,"hd":false,"ddd":0,"bm":0,"hasMask":false,"ao":0,"ks":{"a":{"a":0,"k":[0,0]},"s":{"a":0,"k":[245.45397887170552,245.45397887170552]},"sk":{"a":0,"k":0},"p":{"a":0,"k":[792,730]},"r":{"a":0,"k":0},"sa":{"a":0,"k":0},"o":{"a":1,"k":[{"o":{"x":0.167,"y":0.167},"i":{"x":0.833,"y":0.833},"s":[56],"t":0},{"o":{"x":0.167,"y":0.167},"i":{"x":0.833,"y":0.833},"s":[100],"t":30},{"o":{"x":0.167,"y":0.167},"i":{"x":0.833,"y":0.833},"s":[100],"t":36},{"s":[30],"t":119}]}},"shapes":[{"ty":"gr","bm":0,"hd":false,"nm":"Group","it":[{"ty":"el","bm":0,"hd":false,"nm":"Ellipse Path 4","d":1,"p":{"a":0,"k":[0,0]},"s":{"a":0,"k":[100,100]}},{"ty":"fl","bm":0,"hd":false,"nm":"Fill","c":{"a":0,"k":[0.9922,0.9922,0.9922]},"r":2,"o":{"a":0,"k":100}},{"ty":"tr","a":{"a":0,"k":[0,0]},"s":{"a":0,"k":[100,100]},"sk":{"a":0,"k":0},"p":{"a":0,"k":[0,0]},"r":{"a":0,"k":0},"sa":{"a":0,"k":0},"o":{"a":0,"k":100}}]}],"ind":3},{"ty":4,"nm":"Ellipse 4","sr":1,"st":0,"op":120,"ip":0,"hd":false,"ddd":0,"bm":0,"hasMask":false,"ao":0,"ks":{"a":{"a":0,"k":[0,0]},"s":{"a":0,"k":[245.45397887170552,245.45397887170552]},"sk":{"a":0,"k":0},"p":{"a":0,"k":[507,867]},"r":{"a":0,"k":0},"sa":{"a":0,"k":0},"o":{"a":1,"k":[{"o":{"x":0.167,"y":0.167},"i":{"x":0.833,"y":0.833},"s":[60],"t":0},{"o":{"x":0.167,"y":0.167},"i":{"x":0.833,"y":0.833},"s":[100],"t":42},{"o":{"x":0.167,"y":0.167},"i":{"x":0.833,"y":0.833},"s":[100],"t":48},{"s":[30],"t":119}]}},"shapes":[{"ty":"gr","bm":0,"hd":false,"nm":"Group","it":[{"ty":"el","bm":0,"hd":false,"nm":"Ellipse Path 4","d":1,"p":{"a":0,"k":[0,0]},"s":{"a":0,"k":[100,100]}},{"ty":"fl","bm":0,"hd":false,"nm":"Fill","c":{"a":0,"k":[1,1,1]},"r":2,"o":{"a":0,"k":100}},{"ty":"tr","a":{"a":0,"k":[0,0]},"s":{"a":0,"k":[100,100]},"sk":{"a":0,"k":0},"p":{"a":0,"k":[0,0]},"r":{"a":0,"k":0},"sa":{"a":0,"k":0},"o":{"a":0,"k":100}}]}],"ind":4},{"ty":4,"nm":"Ellipse 4","sr":1,"st":0,"op":120,"ip":0,"hd":false,"ddd":0,"bm":0,"hasMask":false,"ao":0,"ks":{"a":{"a":0,"k":[0,0]},"s":{"a":0,"k":[245.45397887170552,245.45397887170552]},"sk":{"a":0,"k":0},"p":{"a":0,"k":[208,722]},"r":{"a":0,"k":0},"sa":{"a":0,"k":0},"o":{"a":1,"k":[{"o":{"x":0.167,"y":0.167},"i":{"x":0.833,"y":0.833},"s":[60],"t":0},{"o":{"x":0.167,"y":0.167},"i":{"x":0.833,"y":0.833},"s":[40],"t":8},{"o":{"x":0.167,"y":0.167},"i":{"x":0.833,"y":0.833},"s":[100],"t":54},{"o":{"x":0.167,"y":0.167},"i":{"x":0.833,"y":0.833},"s":[100],"t":60},{"s":[30],"t":119}]}},"shapes":[{"ty":"gr","bm":0,"hd":false,"nm":"Group","it":[{"ty":"el","bm":0,"hd":false,"nm":"Ellipse Path 4","d":1,"p":{"a":0,"k":[0,0]},"s":{"a":0,"k":[100,100]}},{"ty":"fl","bm":0,"hd":false,"nm":"Fill","c":{"a":0,"k":[1,1,1]},"r":2,"o":{"a":0,"k":100}},{"ty":"tr","a":{"a":0,"k":[0,0]},"s":{"a":0,"k":[100,100]},"sk":{"a":0,"k":0},"p":{"a":0,"k":[0,0]},"r":{"a":0,"k":0},"sa":{"a":0,"k":0},"o":{"a":0,"k":100}}]}],"ind":5},{"ty":4,"nm":"Ellipse 4","sr":1,"st":0,"op":120,"ip":0,"hd":false,"ddd":0,"bm":0,"hasMask":false,"ao":0,"ks":{"a":{"a":0,"k":[0,0]},"s":{"a":0,"k":[245.45397887170552,245.45397887170552]},"sk":{"a":0,"k":0},"p":{"a":0,"k":[140,418]},"r":{"a":0,"k":0},"sa":{"a":0,"k":0},"o":{"a":1,"k":[{"o":{"x":0.167,"y":0.167},"i":{"x":0.833,"y":0.833},"s":[76],"t":0},{"o":{"x":0.167,"y":0.167},"i":{"x":0.833,"y":0.833},"s":[50],"t":15},{"o":{"x":0.167,"y":0.167},"i":{"x":0.833,"y":0.833},"s":[65],"t":42},{"o":{"x":0.167,"y":0.167},"i":{"x":0.833,"y":0.833},"s":[100],"t":66},{"o":{"x":0.167,"y":0.167},"i":{"x":0.833,"y":0.833},"s":[100],"t":72},{"s":[30],"t":119}]}},"shapes":[{"ty":"gr","bm":0,"hd":false,"nm":"Group","it":[{"ty":"el","bm":0,"hd":false,"nm":"Ellipse Path 4","d":1,"p":{"a":0,"k":[0,0]},"s":{"a":0,"k":[100,100]}},{"ty":"fl","bm":0,"hd":false,"nm":"Fill","c":{"a":0,"k":[1,1,1]},"r":2,"o":{"a":0,"k":100}},{"ty":"tr","a":{"a":0,"k":[0,0]},"s":{"a":0,"k":[100,100]},"sk":{"a":0,"k":0},"p":{"a":0,"k":[0,0]},"r":{"a":0,"k":0},"sa":{"a":0,"k":0},"o":{"a":0,"k":100}}]}],"ind":6},{"ty":4,"nm":"Ellipse 4","sr":1,"st":0,"op":120,"ip":0,"hd":false,"ddd":0,"bm":0,"hasMask":false,"ao":0,"ks":{"a":{"a":0,"k":[0,0]},"s":{"a":0,"k":[245.45397887170552,245.45397887170552]},"sk":{"a":0,"k":0},"p":{"a":0,"k":[329,172]},"r":{"a":0,"k":0},"sa":{"a":0,"k":0},"o":{"a":1,"k":[{"o":{"x":0.167,"y":0.167},"i":{"x":0.833,"y":0.833},"s":[91],"t":0},{"o":{"x":0.167,"y":0.167},"i":{"x":0.833,"y":0.833},"s":[40],"t":23},{"o":{"x":0.167,"y":0.167},"i":{"x":0.833,"y":0.833},"s":[100],"t":78},{"o":{"x":0.167,"y":0.167},"i":{"x":0.833,"y":0.833},"s":[100],"t":84},{"s":[30],"t":119}]}},"shapes":[{"ty":"gr","bm":0,"hd":false,"nm":"Group","it":[{"ty":"el","bm":0,"hd":false,"nm":"Ellipse Path 4","d":1,"p":{"a":0,"k":[0,0]},"s":{"a":0,"k":[100,100]}},{"ty":"fl","bm":0,"hd":false,"nm":"Fill","c":{"a":0,"k":[1,1,1]},"r":2,"o":{"a":0,"k":100}},{"ty":"tr","a":{"a":0,"k":[0,0]},"s":{"a":0,"k":[100,100]},"sk":{"a":0,"k":0},"p":{"a":0,"k":[0,0]},"r":{"a":0,"k":0},"sa":{"a":0,"k":0},"o":{"a":0,"k":100}}]}],"ind":7}],"v":"5.7.0","fr":30,"op":90,"ip":0,"assets":[]}
